Name,OriginalName,ObjectId,NoradId,SemiMajorAxis_m,ApproxAltitude_m,Eccentricity,Inclination_deg,RAAN_deg,ArgPerigee_deg,MeanAnomaly_deg,TrueAnomaly_deg,MeanMotion_rev_per_day,PlaneIndex,SlotIndex
EXT_P01_S01_46564,STARLINK-1733,2020-070AJ,46564,6712831.67826962,341831.678269616,0.0001785,53.0415,33.4807,90.8352,62.8383,62.8565007496238,15.78498326,1,1
EXT_P01_S02_48145,STARLINK-2488,2021-027BF,48145,6589252.18808606,218252.188086058,0.0004262,53.0291,28.9096,202.1078,157.9778,157.996103885944,16.23112296,1,2
EXT_P01_S03_45361,STARLINK-1301,2020-019B,45361,6746617.28595464,375617.285954636,5.684e-05,53.0429,33.0168,196.7145,163.3851,163.386962294485,15.66656013,1,3
EXT_P01_S04_44758,STARLINK-1053,2019-074AX,44758,6641355.7490956,270355.749095602,0.0005275,53.0244,7.1307,148.7286,211.4059,211.374418912078,16.04049055,1,4
EXT_P01_S05_45360,STARLINK-1279,2020-019A,45360,6766280.73256839,395280.732568389,0.00019845,53.0418,28.5176,147.8114,212.3019,212.289750366413,15.59831703,1,5
EXT_P01_S06_46077,STARLINK-1559,2020-055BC,46077,6851078.10491069,480078.104910687,0.0004413,53.0276,4.8498,92.539,267.6115,267.560975846865,15.30961904,1,6
EXT_P01_S07_45399,STARLINK-1255,2020-019AR,45399,6782181.49709343,411181.497093432,0.00020543,53.0428,32.9242,69.8056,290.3174,290.29532209759,15.54349402,1,7
EXT_P01_S08_47724,STARLINK-2116,2021-017C,47724,6673347.83608632,302347.836086319,0.0001731,53.0372,9.0596,232.3389,319.6114,319.598544911332,15.92528153,1,8
EXT_P02_S01_46588,STARLINK-1746,2020-070BJ,46588,6717186.44760181,346186.447601806,0.0002601,53.0391,41.2613,144.6356,2.4187,2.41995824279242,15.76963558,2,1
EXT_P02_S02_45387,STARLINK-1274,2020-019AD,45387,6796825.90623357,425825.90623357,0.0002163,53.029,33.5392,266.772,93.304,93.3287445682021,15.49328618,2,2
EXT_P02_S03_44736,STARLINK-1031,2019-074Z,44736,6653769.45967917,282769.45967917,0.0003608,53.0357,43.6517,77.0511,95.2188,95.2599715522035,15.9956222,2,3
EXT_P02_S04_46585,STARLINK-1736,2020-070BF,46585,6737133.36437199,366133.364371987,0.0002017,53.0412,42.9315,129.9384,104.6055,104.627864793906,15.6996527,2,4
EXT_P02_S05_46558,STARLINK-1680,2020-070AC,46558,6704361.20952347,333361.209523469,0.0006434,53.039,35.3161,74.7703,181.0006,180.999313527888,15.81490746,2,5
EXT_P02_S06_45388,STARLINK-1280,2020-019AE,45388,6744863.33897777,373863.338977775,0.00018558,53.0431,51.1277,105.6425,254.4795,254.459010836602,15.67267147,2,6
EXT_P02_S07_46538,STARLINK-1678,2020-070G,46538,6747387.31925937,376387.319259374,0.000142,53.0429,38.9787,91.1868,255.0795,255.063777343898,15.66387833,2,7
EXT_P02_S08_46533,STARLINK-1648,2020-070B,46533,6628919.81665703,257919.816657027,0.0001876,53.0376,48.2792,83.9566,276.1681,276.146726535107,16.08564994,2,8
EXT_P03_S01_46717,STARLINK-1820,2020-073AZ,46717,6655511.09577761,284511.09577761,0.0005983,53.0347,86.6591,43.3967,11.1265,11.1397401617473,15.98934393,3,1
EXT_P03_S02_46576,STARLINK-1677,2020-070AW,46576,6739867.21192717,368867.211927175,0.0002718,53.0374,51.3382,110.2885,33.5353,33.5525114936453,15.69010145,3,2
EXT_P03_S03_46582,STARLINK-1728,2020-070BC,46582,6778262.07950409,407262.07950409,0.00017319,53.0418,55.3482,206.4195,153.6727,153.681500009323,15.55697762,3,3
EXT_P03_S04_46535,STARLINK-1663,2020-070D,46535,6742910.31436818,371910.314368185,0.0001516,53.0429,63.9725,147.8966,212.2142,212.204940672151,15.67948114,3,4
EXT_P03_S05_46563,STARLINK-1730,2020-070AH,46563,6806419.43867707,435419.43867707,0.00030505,53.0306,53.2326,50.0983,310.029,310.002226842755,15.46054144,3,5
EXT_P03_S06_45746,STARLINK-1504,2020-038S,45746,6782851.90210786,411851.902107857,9.46e-05,53.0229,72.0104,38.7398,321.3679,321.36113154908,15.54118964,3,6
EXT_P03_S07_44724,STARLINK-1019,2019-074M,44724,6692314.24327079,321314.243270792,3.06e-05,53.0403,61.5794,98.3574,326.6601,326.658172748493,15.85762976,3,7
EXT_P03_S08_46712,STARLINK-1814,2020-073AU,46712,6598201.5026631,227201.5026631,0.0006472,53.026,107.7194,27.6977,332.4405,332.406162113479,16.19811211,3,8
EXT_P04_S01_45744,STARLINK-1500,2020-038Q,45744,6837336.48279537,466336.48279537,0.0002734,53.0354,123.1378,344.0561,16.0353,16.0439569302943,15.35579594,4,1
EXT_P04_S02_46696,STARLINK-1795,2020-073AC,46696,6736294.92201767,365294.922017672,0.0004002,53.0419,107.7693,78.6022,49.6153,49.6502430570883,15.70258391,4,2
EXT_P04_S03_46691,STARLINK-1790,2020-073X,46691,6714728.21055905,343728.210559053,0.0001243,53.0408,124.7272,15.5721,70.5902,70.6036348937588,15.77829618,4,3
EXT_P04_S04_46714,STARLINK-1816,2020-073AW,46714,6714646.47165707,343646.471657066,0.0002528,53.0376,124.8462,39.5992,76.8908,76.9190158290051,15.77858429,4,4
EXT_P04_S05_46699,STARLINK-1799,2020-073AF,46699,6703852.60509133,332852.60509133,0.0005634,53.0406,121.2086,335.6166,212.3065,212.272016077659,15.81670725,4,5
EXT_P04_S06_46727,STARLINK-1830,2020-073BK,46727,6771469.2490486,400469.249048605,0.0004471,53.0423,111.8182,50.3542,309.7863,309.746915926977,15.58039257,4,6
EXT_P04_S07_46713,STARLINK-1815,2020-073AV,46713,6732591.06045086,361591.060450862,0.0006626,53.0426,129.4824,31.5139,328.6273,328.587743504875,15.7155436,4,7
EXT_P04_S08_46687,STARLINK-1784,2020-073T,46687,6750451.56438189,379451.564381895,0.0006278,53.0425,114.3439,2.0694,358.0345,358.032030665595,15.65321404,4,8
EXT_P05_S01_45096,STARLINK-1152,2020-006BE,45096,6823471.27635929,452471.276359286,0.0002889,53.038,136.9913,306.9238,53.15,53.1764970352331,15.40262388,5,1
EXT_P05_S02_46128,STARLINK-1622,2020-057M,46128,6746027.31025817,375027.310258167,0.0002314,53.0213,151.9949,286.7423,73.3338,73.3592046847802,15.66861536,5,2
EXT_P05_S03_46155,STARLINK-1667,2020-057AQ,46155,6744206.74671844,373206.746718437,0.0002026,53.0214,152.6132,270.5632,89.5151,89.5383154675637,15.67496028,5,3
EXT_P05_S04_46168,STARLINK-1627,2020-057BD,46168,6719651.75064429,348651.750644293,0.0005827,53.0411,150.7056,47.8347,101.8937,101.959029185035,15.76095804,5,4
EXT_P05_S05_46700,STARLINK-1800,2020-073AG,46700,6691929.53897077,320929.538970771,0.0008466,53.0369,134.7239,11.4272,162.4293,162.458557063277,15.85899721,5,5
EXT_P05_S06_46164,STARLINK-1612,2020-057AZ,46164,6686272.86034678,315272.860346785,0.0007027,53.0301,136.6181,352.8592,258.1558,258.077005140196,15.87912686,5,6
EXT_P05_S07_46698,STARLINK-1797,2020-073AE,46698,6772876.43073962,401876.430739615,0.0005249,53.0429,136.9434,62.4304,297.724,297.670739829311,15.57553718,5,7
EXT_P05_S08_46689,STARLINK-1788,2020-073V,46689,6749036.96001696,378036.960016959,0.0003958,53.0407,146.1131,26.4393,333.6823,333.662182875164,15.65813569,5,8
EXT_P06_S01_46141,STARLINK-1596,2020-057AA,46141,6803621.16846927,432621.168469272,0.0001111,53.04,160.206,307.6066,52.484,52.4940989677066,15.4700806,6,1
EXT_P06_S02_45048,STARLINK-1134,2020-006E,45048,6807792.6259557,436792.625955699,0.0005797,53.031,167.7379,241.0698,118.9727,119.03079481026,15.4558639,6,2
EXT_P06_S03_46130,STARLINK-1624,2020-057P,46130,6730550.48913877,359550.489138767,0.0008525,53.0411,158.6695,11.073,176.141,176.147567638514,15.72269111,6,3
EXT_P06_S04_46117,STARLINK-1585,2020-057A,46117,6670126.64773508,299126.647735083,0.0006517,53.0365,171.3614,359.5756,191.166,191.151549734326,15.93681906,6,4
EXT_P06_S05_46127,STARLINK-1621,2020-057L,46127,6699077.73016198,328077.730161977,0.0007748,53.0421,168.8994,336.0644,268.4888,268.40004764304,15.83362068,6,5
EXT_P06_S06_46131,STARLINK-1625,2020-057Q,46131,6669376.08176261,298376.081762606,0.0008694,53.0417,172.4488,334.5548,330.8943,330.845793689337,15.93950941,6,6
EXT_P06_S07_47133,STARLINK-1843,2020-088M,47133,6658853.90852345,287853.908523454,0.0010333,53.0386,167.5803,5.6937,347.162,347.135657260311,15.97730522,6,7
EXT_P06_S08_45057,STARLINK-1159,2020-006P,45057,6689105.03418391,318105.034183915,0.0002754,53.0418,159.5565,15.1473,355.7736,355.771273410669,15.86904307,6,8
EXT_P07_S01_46144,STARLINK-1606,2020-057AD,46144,6744377.25296932,373377.252969318,0.0003657,53.043,183.3518,354.3296,5.7677,5.77191329090313,15.67436586,7,1
EXT_P07_S02_46171,STARLINK-1633,2020-057BG,46171,6757730.0695045,386730.069504502,0.0007095,53.0416,186.5606,351.4053,8.6838,8.69608596171636,15.62793159,7,2
EXT_P07_S03_46376,STARLINK-1742,2020-062BD,46376,6679603.08832946,308603.088329457,0.0002883,53.0229,180.7647,284.8204,9.6478,9.65333863811351,15.90291643,7,3
EXT_P07_S04_46349,STARLINK-1575,2020-062AA,46349,6671883.04404569,300883.044045687,0.0006282,53.0232,187.4573,303.4233,270.8992,270.827221579552,15.93052634,7,4
EXT_P07_S05_46792,STARLINK-1934,2020-074BF,46792,6693909.72504808,322909.725048075,0.0004615,53.0398,192.113,354.9123,295.7405,295.692851729566,15.85196064,7,5
EXT_P07_S06_46172,STARLINK-1635,2020-057BH,46172,6752706.51521226,381706.515212259,0.0006834,53.0424,184.9513,26.0689,334.0668,334.032526092912,15.64537401,7,6
EXT_P07_S07_46780,STARLINK-1832,2020-074AT,46780,6702492.88086878,331492.880868781,0.0002473,53.0386,193.3337,344.3908,338.2962,338.285717177328,15.82152056,7,7
EXT_P07_S08_46156,STARLINK-1545,2020-057AR,46156,6750559.5257133,379559.525713296,0.0005119,53.0429,185.5876,10.0993,350.0123,350.002119885373,15.65283853,7,8
EXT_P08_S01_47566,STARLINK-1965,2021-009U,47566,6682280.50992432,311280.509924324,0.0003959,53.0106,207.6136,264.0434,8.1681,8.17454877575798,15.89335954,8,1
EXT_P08_S02_46375,STARLINK-1724,2020-062BC,46375,6777797.28829212,406797.288292116,0.00041858,53.0295,217.6325,341.6683,18.4175,18.4326617649562,15.55857789,8,2
EXT_P08_S03_45699,STARLINK-1398,2020-035AU,45699,6608212.82413975,237212.82413975,0.0008874,53.0263,220.4122,309.2561,50.7687,50.847523131023,16.16131629,8,3
EXT_P08_S04_46344,STARLINK-1765,2020-062V,46344,6651856.141238,280856.141237998,0.0008385,53.0331,225.733,306.3576,53.6678,53.7452537286654,16.00252409,8,4
EXT_P08_S05_46347,STARLINK-1547,2020-062Y,46347,6745753.38340829,374753.383408288,0.00024237,53.0363,208.1566,255.6599,104.4147,104.441597196299,15.66956976,8,5
EXT_P08_S06_46359,STARLINK-1707,2020-062AL,46359,6744213.98359226,373213.983592255,0.00017879,53.0234,203.7757,243.8916,116.1915,116.20988240045,15.67493505,8,6
EXT_P08_S07_46119,STARLINK-1593,2020-057C,46119,6708595.66059025,337595.660590248,0.0003221,53.0413,195.9441,342.2555,134.3234,134.349798219092,15.79993632,8,7
EXT_P08_S08_46348,STARLINK-1553,2020-062Z,46348,6832310.94643462,461310.946434621,0.00036451,53.0379,240.1613,190.6324,169.4602,169.467837042038,15.37274159,8,8
EXT_P09_S01_46343,STARLINK-1764,2020-062U,46343,6736958.0405258,365958.040525799,0.0003144,53.042,244.0232,338.332,4.0909,4.09347118075014,15.70026556,9,1
EXT_P09_S02_46328,STARLINK-1686,2020-062D,46328,6725017.29495551,354017.294955511,0.0008263,53.0423,240.9723,329.8715,38.7895,38.8488654957145,15.74209952,9,2
EXT_P09_S03_46383,STARLINK-1770,2020-062BL,46383,6747862.02225128,376862.022251275,0.00036096,53.0414,244.6301,316.925,43.1482,43.1764969429302,15.66222546,9,3
EXT_P09_S04_47572,STARLINK-1971,2021-009AA,47572,6646344.53705132,275344.537051323,0.0007662,53.0331,246.1614,314.9771,45.0638,45.1259951660709,16.0224338,9,4
EXT_P09_S05_46352,STARLINK-1653,2020-062AD,46352,6758318.87626662,387318.876266625,0.0008545,53.0431,250.1428,306.8097,53.2132,53.2916700820698,15.6258893,9,5
EXT_P09_S06_46338,STARLINK-1752,2020-062P,46338,6619963.10980154,248963.109801544,0.0010484,53.0308,249.404,298.1273,61.8702,61.9762127664778,16.11830643,9,6
EXT_P09_S07_45703,STARLINK-1407,2020-035AY,45703,6756812.50812515,385812.508125147,0.00067096,53.0313,245.0689,161.3055,198.8206,198.795815675649,15.63111506,9,7
EXT_P09_S08_47559,STARLINK-1958,2021-009M,47559,6736030.49241188,365030.492411876,0.0006814,53.0427,248.4568,15.0214,345.1003,345.080206236888,15.70350855,9,8
EXT_P10_S01_45190,STARLINK-1234,2020-012N,45190,6751093.87292969,380093.872929689,0.00055014,53.0424,255.6501,338.6959,21.3825,21.4054991412408,15.65098019,10,1
EXT_P10_S02_47623,STARLINK-1655,2021-012D,47623,6744520.68655374,373520.686553737,0.00062135,53.0415,254.7604,328.041,32.0228,32.0605799281466,15.67386585,10,2
EXT_P10_S03_47643,STARLINK-2022,2021-012Z,47643,6539596.59521564,168596.59521564,0.0006231,52.9857,259.4773,263.4663,96.5674,96.638327124176,16.41633944,10,3
EXT_P10_S04_47604,STARLINK-2021,2021-009BJ,47604,6742656.9656428,371656.965642802,0.0004797,53.0424,263.1138,186.1854,163.7919,163.807234653833,15.68036486,10,4
EXT_P10_S05_46326,STARLINK-1654,2020-062B,46326,6730722.90196262,359722.901962623,0.0005047,53.0428,259.9425,352.8942,209.6083,209.579741569755,15.72208699,10,5
EXT_P10_S06_46354,STARLINK-1657,2020-062AF,46354,6672951.88556258,301951.885562584,0.0008857,53.0412,253.963,307.8458,216.2688,216.208812475729,15.92669898,10,6
EXT_P10_S07_46335,STARLINK-1727,2020-062L,46335,6729551.06220256,358551.062202561,0.0005824,53.0403,262.9008,340.8155,240.625,240.566863306037,15.72619378,10,7
EXT_P10_S08_46340,STARLINK-1759,2020-062R,46340,6757670.59022764,386670.590227637,1.24e-05,53.0233,259.779,75.0317,285.071,285.069627933118,15.62813792,10,8
EXT_P11_S01_45663,STARLINK-1446,2020-035G,45663,6814017.01579932,443017.015799322,9.642e-05,53.0239,292.0125,354.724,5.3754,5.37643519635983,15.43469107,11,1
EXT_P11_S02_46356,STARLINK-1665,2020-062AH,46356,6746149.96927235,375149.969272346,0.00042404,53.0418,269.0508,315.952,44.1157,44.1495378153455,15.66818803,11,2
EXT_P11_S03_46331,STARLINK-1719,2020-062G,46331,6763046.93837138,392046.938371385,0.0005073,53.0423,266.7929,314.3775,45.6821,45.723710607538,15.60950602,11,3
EXT_P11_S04_46384,STARLINK-1771,2020-062BM,46384,6799785.54552996,428785.545529958,0.0003481,53.042,276.3341,306.8149,53.2538,53.2857713750633,15.48317199,11,4
EXT_P11_S05_47624,STARLINK-1669,2021-012E,47624,6701761.19984668,330761.19984668,0.0005309,53.0317,277.7052,166.4439,93.7558,93.8165033494912,15.82411166,11,5
EXT_P11_S06_45706,STARLINK-1411,2020-035BB,45706,6750911.01429752,379911.014297524,0.0003465,53.0415,268.7822,208.7281,151.3543,151.373327493784,15.65161609,11,6
EXT_P11_S07_47592,STARLINK-1997,2021-009AW,47592,6741602.85335842,370602.853358424,0.0005402,53.0417,287.5154,138.7787,221.7458,221.704604497351,15.68404266,11,7
EXT_P11_S08_47679,STARLINK-2095,2021-012BM,47679,6705304.37198738,334304.371987377,0.0006006,53.0222,273.1721,239.882,338.4656,338.440319938655,15.81157081,11,8
EXT_P12_S01_46578,STARLINK-1683,2020-070AY,46578,6686278.36798835,315278.367988346,0.000382,53.0091,356.6391,95.5187,8.0059,8.01199950768107,15.87910724,12,1
EXT_P12_S02_45569,STARLINK-1366,2020-025AQ,45569,6711211.00169836,340211.001698365,0.00069067,53.0412,326.9461,109.7442,74.3862,74.4624420203037,15.79070143,12,2
EXT_P12_S03_45413,STARLINK-1298,2020-019BF,45413,6607235.22448689,236235.224486891,0.0001821,53.0291,334.549,221.2389,138.851,138.86472861971,16.16490324,12,3
EXT_P12_S04_47622,STARLINK-1645,2021-012C,47622,6681169.49683093,310169.496830933,0.0006077,53.0382,308.7417,157.9933,221.1466,221.100805704883,15.89732407,12,4
EXT_P12_S05_47649,STARLINK-2032,2021-012AF,47649,6743188.41128467,372188.411284671,0.00087001,53.041,308.964,129.2628,230.9161,230.8387668129,15.67851119,12,5
EXT_P12_S06_45669,STARLINK-1452,2020-035N,45669,6802902.31454751,431902.314547509,0.0006375,53.032,311.7393,110.8356,249.3334,249.26506802449,15.47253272,12,6
EXT_P12_S07_45568,STARLINK-1363,2020-025AP,45568,6707473.87937895,336473.879378946,0.0006486,53.0403,323.1291,116.3151,287.398,287.327059005499,15.80390014,12,7
EXT_P12_S08_47667,STARLINK-2058,2021-012AZ,47667,6680938.22101204,309938.221012038,0.0003874,53.0362,309.0187,150.6566,294.8532,294.812910353455,15.89814956,12,8
