OBJECT_NAME,OBJECT_ID,EPOCH,MEAN_MOTION,ECCENTRICITY,INCLINATION,RA_OF_ASC_NODE,ARG_OF_PERICENTER,MEAN_ANOMALY,EPHEMERIS_TYPE,CLASSIFICATION_TYPE,NORAD_CAT_ID,ELEMENT_SET_NO,REV_AT_EPOCH,BSTAR,MEAN_MOTION_DOT,MEAN_MOTION_DDOT
GEESAT-1 01,2022-058A,2026-03-24T06:05:08.313216,14.81097621,.00225563,49.9923,234.6433,296.0069,63.8546,0,U,52785,999,20734,.31939906E-3,.2291E-4,0
GEESAT-1 02,2022-058B,2026-03-24T06:26:39.294240,14.81089826,.00231087,49.9994,234.7952,286.2795,73.5600,0,U,52786,999,20734,.32867239E-3,.2364E-4,0
GEESAT-1 03,2022-058C,2026-03-24T05:32:23.454528,14.81078004,.00086078,49.9858,233.7008,141.3306,218.8248,0,U,52787,999,20734,.33437919E-3,.2402E-4,0
GEESAT-1 04,2022-058D,2026-03-24T05:43:14.099232,14.81065122,.00100938,50.0029,235.1853,183.4172,176.6698,0,U,52788,999,20733,.32559131E-3,.2332E-4,0
GEESAT-1 05,2022-058E,2026-03-24T05:28:03.894240,14.99898083,.0001978,49.9863,224.8726,217.8269,142.2537,0,U,52789,999,20745,.43220034E-3,.5167E-4,0
GEESAT-1 06,2022-058F,2026-03-24T06:37:09.492384,14.81092797,.00347354,50.0039,234.8578,181.9945,178.0859,0,U,52790,999,20734,.35407856E-3,.2577E-4,0
GEESAT-1 07,2022-058G,2026-03-24T05:21:40.310208,14.81080013,.00130664,49.9872,233.8339,131.0331,229.1738,0,U,52791,999,20733,.32919123E-3,.2362E-4,0
GEESAT-1 08,2022-058H,2026-03-24T05:53:56.617152,14.81092709,.00199946,49.9923,233.7472,324.6518,35.3092,0,U,52792,999,20734,.31574874E-3,.226E-4,0
GEESAT-1 09,2022-058J,2026-03-24T06:03:19.868256,14.99828536,.00072005,49.9966,225.6918,194.9718,165.1015,0,U,52793,999,20749,.44396905E-3,.5306E-4,0
GEESAT-2 01,2024-023A,2026-03-24T05:55:16.600224,14.82942275,.00052179,49.9954,27.4162,60.6081,299.5377,0,U,58905,999,11630,.29169897E-3,.2168E-4,0
GEESAT-2 02,2024-023B,2026-03-24T07:10:44.118336,14.82968641,.00152286,49.9993,27.2975,32.2735,327.9132,0,U,58906,999,11631,.29478697E-3,.2196E-4,0
GEESAT-2 03,2024-023C,2026-03-24T06:23:02.448384,14.96686332,.00061926,50.0021,6.0234,61.3628,298.7938,0,U,58907,999,11660,.30165964E-3,.3231E-4,0
GEESAT-2 04,2024-023D,2026-03-24T05:52:50.290464,14.96772305,.00063594,49.9937,5.2511,64.5195,295.6406,0,U,58908,999,11660,.31984784E-3,.3449E-4,0
GEESAT-2 05,2024-023E,2026-03-24T06:16:58.429632,14.82944907,.00108875,50.0054,27.5196,96.9530,263.2646,0,U,58909,999,11631,.28812967E-3,.2139E-4,0
GEESAT-2 06,2024-023F,2026-03-24T04:30:32.732640,15.03314925,.00062016,49.9893,346.2433,77.4875,282.6765,0,U,58910,999,11685,.50787643E-3,.6713E-4,0
GEESAT-2 07,2024-023G,2026-03-24T06:59:59.657280,14.82948555,.00102019,50.0064,27.7772,92.7946,267.4160,0,U,58911,999,11631,.28836679E-3,.2141E-4,0
GEESAT-2 08,2024-023H,2026-03-24T06:38:09.113568,14.82946193,.00043938,49.9902,26.4607,16.2930,343.8148,0,U,58912,999,11631,.32588553E-3,.2449E-4,0
GEESAT-2 09,2024-023J,2026-03-24T07:43:26.035968,14.82974642,.00223871,50.0040,27.0828,41.0046,319.2570,0,U,58913,999,11632,.29911254E-3,.2235E-4,0
GEESAT-2 10,2024-023K,2026-03-24T07:21:43.370208,14.82976601,.00101691,49.9950,27.0440,29.4463,330.7046,0,U,58914,999,11631,.29492909E-3,.2196E-4,0
GEESAT-2 11,2024-023L,2026-03-24T06:27:33.461856,14.82980589,.00194284,50.0005,27.1699,147.0735,213.1418,0,U,58915,999,11631,.31013112E-3,.2325E-4,0
GEESAT-3 01,2024-159A,2026-03-24T05:34:17.549184,14.83901063,.00032344,49.9985,117.0285,283.7704,76.2874,0,U,61011,999,8406,.31133708E-3,.2387E-4,0
GEESAT-3 02,2024-159B,2026-03-24T07:00:48.060288,14.83882964,.00187169,49.9923,117.0384,90.3679,269.9404,0,U,61012,999,8418,.26885171E-3,.2031E-4,0
GEESAT-3 03,2024-159C,2026-03-24T05:56:02.184864,14.83903634,.0005748,49.9916,115.9894,165.7852,194.3249,0,U,61013,999,8422,.30217688E-3,.231E-4,0
GEESAT-3 04,2024-159D,2026-03-24T06:48:34.947648,14.82919059,.00023077,49.9988,27.2229,102.3867,257.7330,0,U,61014,999,8540,.36601364E-3,.2777E-4,0
GEESAT-3 05,2024-159E,2026-03-24T07:21:42.558912,14.83880876,.00129304,50.0008,116.8994,88.8097,271.4323,0,U,61015,999,8417,.33210372E-3,.2561E-4,0
GEESAT-3 06,2024-159F,2026-03-24T06:28:09.833664,14.83884482,.00163826,49.9961,117.1432,112.4442,247.8234,0,U,61016,999,8415,.2692257E-3,.2034E-4,0
GEESAT-3 07,2024-159G,2026-03-24T06:17:18.554784,14.83887888,.00110125,49.9919,116.8176,65.7607,294.4481,0,U,61017,999,8353,.27290349E-3,.2063E-4,0
GEESAT-3 08,2024-159H,2026-03-24T06:38:34.178208,14.83885225,.00276898,50.0033,116.7901,128.1170,232.2271,0,U,61018,999,8416,.27034656E-3,.205E-4,0
GEESAT-3 09,2024-159J,2026-03-24T06:50:00.192480,14.83889763,.00220294,49.9957,116.4287,94.2045,266.1411,0,U,61019,999,8416,.268986E-3,.2034E-4,0
GEESAT-3 10,2024-159K,2026-03-24T06:06:19.761696,14.83891548,.00036891,49.9976,117.0762,150.9562,209.1582,0,U,61020,999,8389,.27388644E-3,.2072E-4,0
GEESAT-4 01,2025-170A,2026-03-24T07:28:56.266176,14.83772720,.00102792,49.9881,208.0078,84.0177,276.1933,0,U,65119,999,3383,.18267877E-3,.1301E-4,0
GEESAT-4 02,2025-170B,2026-03-24T05:39:14.829984,14.83608817,.00103694,49.9842,208.2147,115.9087,244.2921,0,U,65120,999,3384,.30145398E-3,.2287E-4,0
GEESAT-4 03,2025-170C,2026-03-24T06:26:56.403168,14.83735928,.00206675,49.9913,207.8324,96.2996,264.0297,0,U,65121,999,3382,.30865927E-3,.2359E-4,0
GEESAT-4 04,2025-170D,2026-03-24T00:10:01.691328,14.90840544,.0052673,49.9801,162.0070,330.6479,29.1506,0,U,65122,999,3441,.24057487E-3,.2202E-4,0
GEESAT-4 05,2025-170E,2026-03-24T07:06:03.187872,14.90376367,.00348794,50.0043,161.1364,324.6662,35.1968,0,U,65123,999,3445,.27142653E-3,.2452E-4,0
GEESAT-4 06,2025-170F,2026-03-24T06:57:12.223584,14.83685888,.00186504,49.9827,207.7839,75.1614,285.1388,0,U,65124,999,3382,.30413697E-3,.2317E-4,0
GEESAT-4 07,2025-170G,2026-03-24T06:42:41.468832,14.83701899,.00180835,49.9908,207.9001,88.7293,271.5716,0,U,65125,999,3382,.30567049E-3,.233E-4,0
GEESAT-4 08,2025-170H,2026-03-23T22:02:16.342944,14.90539728,.00412559,49.9739,162.0238,332.8307,27.0475,0,U,65126,999,3440,.3721254E-3,.3486E-4,0
GEESAT-4 09,2025-170J,2026-03-24T06:48:12.265056,14.81081642,.00221781,49.9901,235.9877,66.8319,293.4951,0,U,65127,999,3341,.29139399E-3,.2068E-4,0
GEESAT-4 10,2025-170K,2026-03-23T15:27:06.857568,14.96196547,.00516398,49.9893,163.5127,333.6530,26.1789,0,U,65128,999,3436,.18480102E-3,.1894E-4,0
GEESAT-4 11,2025-170L,2026-03-24T06:10:47.476416,14.83856832,.00071327,49.9830,207.6076,129.9569,230.1997,0,U,65129,999,3382,.30604617E-3,.234E-4,0
GEESAT-5 01,2025-201A,2026-03-24T05:17:00.171168,14.83838453,.0003089,49.9907,73.6650,74.9154,285.2126,0,U,65550,999,2918,.28811648E-3,.2189E-4,0
GEESAT-5 02,2025-201B,2026-03-24T05:06:15.983136,14.83849518,.00086173,49.9852,73.5403,356.8325,3.2557,0,U,65551,999,2917,.29551362E-3,.2251E-4,0
GEESAT-5 03,2025-201C,2026-03-24T06:32:18.013344,14.83836993,.00113758,49.9860,73.1956,296.0539,63.9228,0,U,65552,999,2918,.30008224E-3,.2289E-4,0
GEESAT-5 04,2025-201D,2026-03-24T05:58:41.517696,14.83300453,.00110259,49.9848,73.7493,299.9774,60.0069,0,U,65553,999,2917,.23236918E-3,.1697E-4,0
GEESAT-5 05,2025-201E,2026-03-24T06:21:32.743584,14.83839912,.00115832,49.9805,73.0520,311.7275,48.2672,0,U,65554,999,2918,.29586305E-3,.2254E-4,0
GEESAT-5 06,2025-201F,2026-03-24T06:10:35.235264,14.83831897,.00142395,49.9900,73.1834,354.8601,5.2189,0,U,65555,999,2917,.31471402E-3,.2413E-4,0
GEESAT-5 07,2025-201G,2026-03-24T06:00:03.136320,14.83846207,.00137503,49.9872,73.0722,344.7988,15.2536,0,U,65556,999,2918,.30639503E-3,.2343E-4,0
GEESAT-5 08,2025-201H,2026-03-24T06:42:54.411552,14.82538902,.00022453,49.9784,68.7430,336.4093,23.6741,0,U,65557,999,2925,.28267429E-3,.2073E-4,0
GEESAT-5 09,2025-201J,2026-03-24T05:48:47.208384,14.83825178,.00091104,49.9797,72.8894,301.0926,58.9118,0,U,65558,999,2918,.29712203E-3,.2263E-4,0
GEESAT-5 10,2025-201K,2026-03-24T05:38:22.938144,14.83842343,.00080894,49.9816,72.8610,316.9152,43.1152,0,U,65559,999,2918,.29569945E-3,.2252E-4,0
GEESAT-5 11,2025-201L,2026-03-24T05:27:27.559584,14.83827617,.00088835,49.9863,72.9102,13.0641,347.0526,0,U,65560,999,2920,.29891919E-3,.2278E-4,0
GEESAT-6 01,2025-214B,2026-03-24T07:14:34.819296,14.83180577,.00122762,49.9868,341.7899,266.4197,93.5337,0,U,65713,999,2690,.23617065E-3,.1723E-4,0
GEESAT-6 02,2025-214C,2026-03-24T05:35:52.319616,14.83067806,.0010124,49.9849,342.0626,248.8280,111.1576,0,U,65714,999,2689,.29152224E-3,.2174E-4,0
GEESAT-6 03,2025-214D,2026-03-24T06:18:46.500480,14.83048439,.00130737,49.9828,341.4870,257.3283,102.6193,0,U,65715,999,2690,.28502806E-3,.212E-4,0
GEESAT-6 04,2025-214E,2026-03-24T06:29:29.274144,14.83054632,.000939,49.9857,341.5915,261.0504,98.9371,0,U,65716,999,2690,.28384875E-3,.211E-4,0
GEESAT-6 05,2025-214F,2026-03-24T07:02:24.191520,14.83069405,.0012599,49.9802,341.6442,246.3555,113.6060,0,U,65717,999,2690,.25153911E-3,.1845E-4,0
GEESAT-6 06,2025-214G,2026-03-24T04:30:34.925472,14.82839825,.00099939,49.9911,339.6871,272.7085,87.2709,0,U,65718,999,2692,.25729752E-3,.1881E-4,0
GEESAT-6 07,2025-214H,2026-03-24T06:07:52.439520,14.83055839,.00098902,49.9808,341.4056,269.3525,90.6279,0,U,65719,999,2691,.29273856E-3,.2183E-4,0
GEESAT-6 08,2025-214J,2026-03-24T06:40:51.468672,14.83085561,.00096412,49.9917,341.7167,249.4053,110.5851,0,U,65720,999,2690,.24968406E-3,.183E-4,0
GEESAT-6 09,2025-214K,2026-03-24T06:51:26.870688,14.83071857,.00083582,49.9852,341.6482,244.5183,115.4891,0,U,65721,999,2690,.24907377E-3,.1824E-4,0
GEESAT-6 10,2025-214L,2026-03-24T05:46:48.624384,14.83073653,.00118343,49.9904,342.1932,268.0894,91.8689,0,U,65722,999,2689,.25200452E-3,.1849E-4,0
GEESAT-6 11,2025-214M,2026-03-24T07:34:33.868992,14.83072902,.00101299,49.9840,341.1037,258.3320,101.6481,0,U,65723,999,2691,.26819817E-3,.1982E-4,0
